<?xml version="1.0" encoding="utf-8"?>

<query-lib id="arm214DocumentLib"
           xmlns="http://www.lksoft.com/SDAI/Query/V1.1"
           xmlns:aim214="jsdai:schema:automotive_design" 
           query-element-prefixes="aim214">
  <query-ent name="document">
    <query-type>
      <aim214:type ent="product">
        <aim214:inv ent="product_related_product_category" attr="products" aggr="*"/>
        <aim214:val attr="name">
          <eq>document</eq>
        </aim214:val>
      </aim214:type>
    </query-type>
    <query-val attr="name">
      <aim214:type ent="product"/>
      <aim214:val attr="name"/>
    </query-val>
  </query-ent>
</query-lib>